Aleguzzler Gargant,90 x 52 mm
Arachnarok Spider with Flinger,160 mm
Arachnarok Spider with Spiderfang Warparty,160 mm
Boggleye,32 mm
Boingrot Bounderz,32 mm
Bonegrinder Gargant,120 x 92 mm
Brewgit,32 mm
Colossal Squig,120 x 92 mm
Dankhold Troggboss,60 mm
Dankhold Troggoths,60 mm
Fellwater Troggoths,50 mm
Fungoid Cave-Shaman,32 mm
Loonboss,32 mm
Loonboss on Giant Cave Squig,50 mm
Loonboss on Mangler Squigs,80 mm
Loonboss with Giant Cave Squig,60 mm
Loonsmasha Fanatics,32 mm
Madcap Shaman,25 mm
Malevolent Moon,50 mm
Mangler Squigs,80 mm
Mollog,50 mm
Mollogs Minions,25 mm
Morks Mighty Mushroom,50 mm
Rockgut Troggoths,50 mm
Scaremonger,32 mm
Scrapskuttles Arachnacauldron,60 mm
Scuttleboss on Gigantic?Spider,60 mm
Scuttletide,Use model mm
Shootas,25 mm
Shroomancer,32 mm
Skitterstrand Arachnarok,160 mm
Skragrott the Loonking,60 x 35 mm
Sneaky Snufflers,32 mm
Spider Riders,60 x 35 mm
Spiker,32 mm
Sporesplatta Fanatics,32 mm
Squig Gobba,120 x 92 mm
Squig Herd,25 mm
Squig Hoppers,32 mm
Stabbas,25 mm
Troggoth Hag,120 x 92 mm
Webspinner Shaman,25 mm
Webspinner Shaman on Arachnarok Spider,160 mm
Zarbag,25 mm
Zarbags Gitz,25 mm
